title,doi,publication,AE_data_type,data_type,protocol,data_location,main_protocol,main_protocol_doi,other_protocol,type,perturbagen,perturbagen_source,perturbagen_id,organ,source,authors,year
Bulk RNA-seq of MilliporeSigma SCC300 human iPSC-derived colon organoids compared with undifferentiated human iPSCs and MilliporeSigma SCC321 human patient-derived colon organoids,,,RNA-seq of coding RNA,RNA-seq of coding RNA,sc,https://www.ebi.ac.uk/biostudies/arrayexpress/studies/E-MTAB-11026,,,,Normal,,,,colon,hiPSC cell,Joseph Boyd,2021
Benchmarking brain organoid recapitulation of fetal corticogenesis,,,RNA-seq of total RNA,RNA-seq of total RNA,,https://www.ebi.ac.uk/biostudies/arrayexpress/studies/E-MTAB-11239?query=organoid,E-MTAB-11239,,"Adapted from Pasca et al., 2015 (PMID: 26005811), with orbital shaking introduced as described in (PMID: 31607568)",Normal,,,,brain,hiPSC cell,"Sebastiano Trattaro, Giuseppe Testa, Cristina Cheroni",2022
Timecourse RNA-seq of kidney organoid development in control and WT1-knockout iPSCs,,,RNA-seq of coding RNA,RNA-seq of coding RNA,x,https://www.ebi.ac.uk/biostudies/arrayexpress/studies/E-MTAB-9957?query=organoid,,,,Normal; Perturbed,gene knockout,BAO,BAO_0002441,kidney,hiPSC cell,"Panagiotis Papasaikas, Joerg Betschinger, Verena Waehle",2021
Single-cell chromatin accessibility atlas of human retinal organoid development,,,scATAC-seq,scATAC-seq,,https://www.ebi.ac.uk/biostudies/arrayexpress/studies/E-MTAB-12714?query=organoid,E-MTAB-12714,,"Kuwahara et al., 2015",Normal,,,,retina,hiPSC cell,"Zhisong He, Giovanna Brancati, Barbara Treutlein,  J. Gray Camp",2023
"PRPF8 CLIP seq for iPSC, kidney organoid, retinal organoid, and retinal epithelium derived from c.6926A>C RPE with Retinitis Pigmentosa patients and CRISPR/Cas9 corrected",,PRPF8-mediated dysregulation of hBrr2 helicase disrupts human spliceosome kinetics and 5´-splice-site selection causing tissue-specific defects,RNA-seq of coding RNA,RNA-seq of coding RNA,,https://www.ebi.ac.uk/biostudies/arrayexpress/studies/E-MTAB-13171?query=organoid,"Regents et al., 2019",https://doi.org/10.1038/s41598-019-47123-6,,Disease; Perturbed,CRISPR/Cas9 method,BAO,BAO_0010249,retina,hiPSC cell,"Albert Lahat, Sushma Grellscheid, Majlinda Lako",2024
Single-cell transcriptome atlas of human retinal organoid development,,,RNA-seq of coding RNA from single cells,RNA-seq of coding RNA from single cells,,https://www.ebi.ac.uk/biostudies/arrayexpress/studies/E-MTAB-12715?query=organoid,E-MTAB-12715;E-MTAB-12714,,Kuwahara et al. 2015,Normal,,,,retina,hiPSC cell,"Zhisong He, Giovanna Brancati, Barbara Treutlein,  J. Gray Camp",2023
Single cell RNA sequencing of iPSC-derived lung organoid models,https://doi.org/10.1101/2022.02.25.481981,Stable iPSC-derived NKX2-1+ Lung Bud Tip Progenitor Organoids Give Rise to Airway and Alveolar Cell Types,RNA-seq of coding RNA from single cells,RNA-seq of coding RNA from single cells,,https://www.ebi.ac.uk/biostudies/arrayexpress/studies/E-MTAB-11953?query=organoid,E-MTAB-11953,,"D’Amour et al., 2006; McCracken et al., 2011; Spence et al., 2011; Dye et al., 2015",Normal,,,,lung,hiPSC cell,"Jason Spence, Zhiwei Xiao, Renee Hein, Ansley Conchola",2022
Multiome experiment of the neuroepithelial stage of brain organoid development,https://doi.org/10.1101/2021.08.24.457460,Inferring and perturbing cell fate regulomes in human cerebral organoids,RNA-seq of coding RNA from single cells;scATAC-seq,RNA-seq of coding RNA from single cells;scATAC-seq,,https://www.ebi.ac.uk/biostudies/arrayexpress/studies/E-MTAB-12004?query=organoid,"Lancaster et al., 2013",,,Normal,,,,brain,hiPSC cell,"Sophie Jansen, Jonas Simon Fleck",2022
RNA-seq of human midbrain organoid models of Parkinson's Disease,,,RNA-seq of coding RNA,RNA-seq of coding RNA,x,https://www.ebi.ac.uk/biostudies/arrayexpress/studies/E-MTAB-7302?query=organoid,,,,Disease; Perturbed,gene knockout;gene overexpression,BAO;BAO,BAO_0002441;BAO_0002442,brain,hiPSC cell,"Lin Yang, Shawn Je, Junghyun Jo",2021
Tissue architecture influences brain organoid identity and developmental trajectory,,,RNA-seq of coding RNA from single cells,single nucleus RNA sequencing,-,https://www.ebi.ac.uk/biostudies/arrayexpress/studies/E-MTAB-11564?query=organoid,"STEMdiff™ Cerebral Organoid Kit, StemCell Technologies 08570",,"Martelotto et al., 2020;Denisenko et al., 2020",Normal,,,,brain,hESC cell,"Ivan Imaz Rosshandler, Ilaria Chiaradia, Madeline Lancaster",2022
A high-resolution single-cell multiomic atlas of the human fetal lung – Organoid,10.1016/j.cell.2022.11.005,A human fetal lung cell atlas uncovers proximal-distal gradients of differentiation and key regulators of epithelial fates,RNA-seq of coding RNA from single cells,RNA-seq of coding RNA from single cells,,https://www.ebi.ac.uk/biostudies/arrayexpress/studies/E-MTAB-11267?query=organoid,"Nikolic et al., 2017",,,Normal,,,,lung,primary cell,"Wei Kheng Teh, Peng He,  Sarah Teichmann, John Marioni, Kerstin Meyer,  Emma Rawlins,  Kyungtae Lim, Dawei Sun",2022
An in vivo neuroimmune organoid model to study human brain environment-dependent microglia phenotypes,,,RNA-seq of coding RNA from single cells,RNA-seq of coding RNA from single cells,,https://www.ebi.ac.uk/biostudies/arrayexpress/studies/E-MTAB-11522?query=organoid,E-MTAB-11522,,,Normal,,,,brain,hiPSC cell,Simon Schafer,2023
"Transcriptomic profile of human placenta derived trophoblast organoid cultures with its tissue of origin, human placental villi.",,,transcription profiling by array,transcription profiling by array,sc,https://www.ebi.ac.uk/biostudies/arrayexpress/studies/E-MTAB-6683?query=organoid,"Turco et al., 2018",https://doi.org/10.1038/s41586-018-0753-3,,Normal,,,,placenta,primary cell,"Malwina Prater, Margherita Turco",2018
scRNA-seq of T cell differentiation in Artificial Thymic Organoid,,,RNA-seq of coding RNA from single cells,RNA-seq of coding RNA from single cells,,https://www.ebi.ac.uk/biostudies/arrayexpress/studies/E-MTAB-12720?query=organoid,"Montel-Hagen et al., 2019",,,Normal,,,,thymus,hiPSC cell,"Chenqu Suo, Dinithi Sumanaweera, Sarah Teichmann",2024
scATAC-seq of early brain organoid development from pluripotency,10.1101/2021.08.24.457460,Inferring and perturbing cell fate regulomes in human cerebral organoids,scATAC-seq,scATAC-seq,,https://www.ebi.ac.uk/biostudies/arrayexpress/studies/E-MTAB-11998?query=organoid,"Lancaster et al., 2013",,,Normal,,,,brain,hiPSC cell,"Jonas Simon Fleck, Sophie Jansen",2022
Lineage recording in human cerebral organoids (microdissected),10.1101/2020.06.19.162032,Lineage recording reveals dynamics of cerebral organoid regionalization,RNA-seq of coding RNA from single cells,RNA-seq of coding RNA from single cells,,https://www.ebi.ac.uk/biostudies/arrayexpress/studies/E-MTAB-10973?query=organoid,"Lancaster et al., 2014",,,Normal,,,,brain,hiPSC cell,"Ashley Maynard, Zhisong He, Barbara Treutlein, Gray Camp",2021
"Analysis of human enteroids and colonoids (3D organoid models from small intestine and colon) exposed to chemotherapy agent and tyrosine kinase inhibitor (TKI) gefitinib sampled at four doses (0.1, 1, 10 and 30uM) and at three time points (24, 48 and 72h) since initial exposure",,,RNA-seq of coding RNA,RNA-seq of coding RNA,sc,https://www.ebi.ac.uk/biostudies/arrayexpress/studies/E-MTAB-11221?query=organoid,,,,Normal;Perturbed,Gefitinib,DrugBank,DB00317,intestine;colon,primary cell,"Terezinha Maria de Souza, Theo de Kok, Daniela Rodrigues",2022
RNA-seq comparison of fetal lung and cultured fetal lung derived organoids with pluripotent stem cell derived lung organoids,https://doi.org/10.1101/108845,In vitro induction and in vivo engraftment of lung bud tip progenitor cells derived from human pluripotent stem cells,RNA-seq of coding RNA,RNA-seq of coding RNA,,https://www.ebi.ac.uk/biostudies/arrayexpress/studies/E-MTAB-6023?query=organoid,"E-MTAB-6023; Dye et al., 2016a, 2015",,,Normal,,,,lung,primary cell;hESC cell-hiPSC cell,"David Hill, Jason Spence, Alyssa Miller",2018
Single-cell transcriptional profiling of primary human dental follicle and derived organoids,,,RNA-seq of coding RNA from single cells,RNA-seq of coding RNA from single cells,,https://www.ebi.ac.uk/biostudies/arrayexpress/studies/E-MTAB-10596?query=organoid,"Hemeryck et al., 2022",http://dx.doi.org/10.1007/s00018-022-04183-8,,Normal,,,,dental follicle,primary cell,"Florian Hermans, Hugo Vankelecom, Lara Hemeryck",2022
scRNA-seq of human intestinal TRMs as well as intestinal organoids with autologous tissue-resident or blood derived immune compartment from 3 distinct donor samples,,,RNA-seq of coding RNA from single cells,RNA-seq of coding RNA from single cells,sc,https://www.ebi.ac.uk/biostudies/arrayexpress/studies/E-MTAB-14171?query=organoid,,,,Normal,,,,intestine,primary cell,Bruno Gjeta,2024
Characterisation of the stemness of human thyroid organoids by transcriptome profiling.,,,transcription profiling by array,transcription profiling by array,-,https://www.ebi.ac.uk/biostudies/arrayexpress/studies/E-MTAB-6274?query=organoid,E-MTAB-6274,,,Normal,,,,thyroid gland,primary cell,Kristian Unger,2021
RNA-Seq of human spinal cord organoids generated in Matrigel and alginate,https://doi.org/10.1002/adhm.202202342,"Defined Alginate Hydrogels Support Spinal Cord Organoid Derivation, Maturation, and Modeling of Spinal Cord Diseases",RNA-seq,RNA-seq of coding RNA,x,https://www.ebi.ac.uk/biostudies/arrayexpress/studies/E-MTAB-12270?query=organoid,,,,Normal,,,,spinal cord,hiPSC cell,Wai Hon Chooi,2022
scRNA-seq of Human Alveolar Type 2 Cell Organoids,,,RNA-seq of coding RNA from single cells,RNA-seq of coding RNA from single cells,,https://www.ebi.ac.uk/biostudies/arrayexpress/studies/E-MTAB-12960?query=E-MTAB-12960,E-MTAB-12960,,,Normal,,,,lung,primary cell,"Tristan Frum, Jason Spence",2023
"RNA-seq of retinal organoids derived from RPGR patient-, control- and mutation-corrected-iPSC at different developmental stages",,,RNA-seq of coding RNA,RNA-seq of coding RNA,,https://www.ebi.ac.uk/biostudies/arrayexpress/studies/E-MTAB-6490?query=organoid,E-MTAB-6490,,"Kuwahara et al., 2015",Normal; Perturbed; Disease,CRISPR/Cas9 method,BAO,BAO_0010249,retina,hiPSC cell,Wen-Li Deng,2020
Human intestinal tissue with adult stem cell properties derived from pluripotent stem cells,,,RNA-seq of coding RNA,RNA-seq of coding RNA,,https://www.ebi.ac.uk/biostudies/arrayexpress/studies/E-GEOD-56930?query=organoid,E-GEOD-56930,,,Normal,,,,intestine,hESC cell,Dirk Hockemeyer 1Ryan ForsterKunitoshi ChibaLorian SchaefferSamuel RegaladoChristine LaiQing GaoSamira KianiHenner FarinHans CleversGregory CostAndy ChanEdward RebarFyodor UrnovPhilip GregoryLior PachterRudolf Jaenisch,2014
Mosaic perturbation of transcription factors in human retinal�organoid�development,https://doi.org/10.1101/2022.03.16.484396,Multimodal spatiotemporal phenotyping of human organoid development,RNA-seq of coding RNA from single cells,RNA-seq of coding RNA from single cells,p; sc,https://www.ebi.ac.uk/biostudies/arrayexpress/studies/E-MTAB-12622?query=organoid,"Cowan et al., 2020; Kuwahara et al., 2015 (adapted)",,"Ihry et al., 2018;He et al., 2021",Perturbed,mosaic perturbation,term not found,,retina,hiPSC cell,"Zhisong He, Giovanna Brancati, Barbara Treutlein, J. Gray Camp",2023
NOTCH and WNT pathways regulate stemness and differentiation in human fallopian tube long term�organoid�culture,,,transcription profiling by array,transcription profiling by array,x,https://www.ebi.ac.uk/biostudies/arrayexpress/studies/E-GEOD-60919?query=organoid,,,,Perturbed,Dibenzazepines,DrugBank,DBCAT000792,fallopian tube,primary cell,"Hans-Joachim Mollenkopf, Mirjana Kessler, Thomas Meyer",2015
scRNA-seq of early brain�organoid�development from pluripotency,10.1101/2021.08.24.457460,Inferring and perturbing cell fate regulomes in human cerebral organoids,RNA-seq of coding RNA from single cells,RNA-seq of coding RNA from single cells,,https://www.ebi.ac.uk/biostudies/arrayexpress/studies/E-MTAB-12001?query=organoid,"Lancaster et al., 2013",,,Normal,,,,brain,hESC cell-hiPSC cell,"Sophie Jansen, Jonas Fleck",2022
RNA-sequencing of coding RNA from human purified intestinal epithelial samples and organoids derived from foetal and paediatric small and large intestine,,,RNA-seq of coding RNA,RNA-seq of coding RNA,,https://www.ebi.ac.uk/biostudies/arrayexpress/studies/E-MTAB-5015?query=organoid,"Forbester et al., 2015",10.1128/IAI.00161-15,,Normal,,,,intestine;colon,primary cell,"Judith Kraiczy, Matthias Zilbauer, Komal Nayak, Bon-Kyoung Koo, Kate Howell, Jessica Forbester, Gordon Dougan, Amanda Andersson-Rolf, Alexander Ross, Ludovic Vallier, Phillip Rosenstiehl, Oliver Stegle, Robert Heuschkel, Esther Leenen",2018
DNA methylation array of human purified intestinal epithelial samples and organoids from paediatric and foetal small and large intestine,,,methylation profiling by array,methylation profiling by array,,https://www.ebi.ac.uk/biostudies/arrayexpress/studies/E-MTAB-4957?query=organoid,E-MTAB-4957,,,Normal,,,,intestine;colon,primary cell,"Judith Kraiczy, Matthias Zilbauer, Komal Nayak, Bon-Kyoung Koo, Kate Howell, Jessica Forbester, Gordon Dougan, Amanda Andersson-Rolf, Alexander Ross, Ludovic Vallier, Phillip Rosenstiehl, Oliver Stegle, Robert Heuschkel, Esther Leenen",2017
Single-cell RNA sequencing of the human biliary tree,,,RNA-seq of coding RNA from single cells,RNA-seq of coding RNA from single cells,,https://www.ebi.ac.uk/biostudies/arrayexpress/studies/E-MTAB-8495?query=organoid,"Tysoe at al., 2019",,,Normal,,,,gallbladder;bile duct;liver,primary cell,Daniele Muraro,2021
Regional differences in human biliary tissues and corresponding in vitro derived organoids,,,RNA-seq of coding RNA,RNA-seq of coding RNA,,https://www.ebi.ac.uk/biostudies/arrayexpress/studies/E-MTAB-7569?query=organoid,E-MTAB-7569,,,Normal,,,,gallbladder;bile duct;pancreas,primary cell,"Rute Tomaz, Casey Rimland, Ludovic Vallier",2019
Amplicon sequencing data from CROP-seq in 2 month old organoids,10.1101/2021.08.24.457460,Inferring and perturbing cell fate regulomes in human cerebral organoids,RNA-seq of coding RNA from single cells,CROP-seq,,https://www.ebi.ac.uk/biostudies/arrayexpress/studies/E-MTAB-12005?query=organoid,"Lancaster et al., 2013",,,Normal,,,,brain,hiPSC cell,"Sophie Jansen, Jonas Simon Fleck",2022
CRISPR screening of autism risk genes in brain organoids,,,DNA-seq,DNA-seq,,https://www.ebi.ac.uk/biostudies/arrayexpress/studies/E-MTAB-13140?query=organoid,"Li et al., 2023",https://doi.org/10.1038/s41586-023-06473-y,,Normal;Perturbed,CRISPR/Cas9 method;Afimoxifene,BAO;DrugBank,BAO_0010249;DB04468,brain,hESC cell,Chong Li,2023
"Long-term in vitro expansion of epithelial organoids from human colon, adenoma, adenocarcinoma and Barrett's Esophagus",,,transcription profiling by array,transcription profiling by array,,https://www.ebi.ac.uk/biostudies/arrayexpress/studies/E-GEOD-28907?query=organoid,"Toshiro et al., 2011",https://doi.org/10.1053/j.gastro.2011.07.050,,Normal; Cancer,,,,intestine;colon,primary cell,"Daniel Stange, Sato Toshiro, Hans Clevers",2011
TGFβ signaling directs serrated adenomas to the mesenchymal colorectal cancer subtype [organoids],,,transcription profiling by array,transcription profiling by array,x,https://www.ebi.ac.uk/biostudies/arrayexpress/studies/E-GEOD-79461?query=organoid,,,,Normal;Cancer; Perturbed,CRISPR/Cas9 method,BAO,BAO_0010249,colon,primary cell,Sander Hooff,2016
Epithelium-only cultured stem cells isolated from human pluripotent stem cell derived intestinal organoids grown in matrigel and alginate,,,RNA-seq of coding RNA,RNA-seq of coding RNA,,https://www.ebi.ac.uk/biostudies/arrayexpress/studies/E-MTAB-7000?query=organoid,E-MTAB-7000,,"Finkbeiner et al., 2015b; Hill et al., 2017; Tsai et al., 2018",Normal,,,,intestine,hESC cell,"Jason Spence, Michael Czerwinski",2019
A Molecular Portrait Of High-Grade Ductal Carcinoma In Situ (DCIS) [RNA-seq],,,RNA-seq of coding RNA,RNA-seq of coding RNA,x,https://www.ebi.ac.uk/biostudies/arrayexpress/studies/E-GEOD-69240?query=organoid,,,,Normal; Cancer,,,,breast,primary cell,"C. Marcelo Aldaz, C AldazM Abba",2015
"Analysis of human enteroids and colonoids (3D�organoid�models from small intestine and colon) exposed to chemotherapy agent 5-fluorouracil (5FU) in a dose-repeated exposure across three doses (10,100 and 1000uM) and sampled at three points (24, 48 and 72h) since initial exposure. Organoids were obtained from healthy human tissues.",,,RNA-seq of coding RNA,RNA-seq of coding RNA,x,https://www.ebi.ac.uk/biostudies/arrayexpress/studies/E-MTAB-9134?query=organoid,,,,Normal; Perturbed,Fluorouracil,DrugBank,DB00544,colon,primary cell,"Daniela Ferreira Rodrigues, Terezinha Maria de Souza, Theo de Kok",2021
"Analysis of human healthy enteroids and colonoids (3D�organoid�models from small intestine and colon) exposed to chemotherapy agent Doxorubicin (DOX) sampled at four doses (1,10, 30 and 60uM) and three time points (24, 48 and 72h).",,,RNA-seq of coding RNA,RNA-seq of coding RNA,x,https://www.ebi.ac.uk/biostudies/arrayexpress/studies/E-MTAB-11297?query=organoid,,,,Normal; Perturbed,Doxorubicin,DrugBank,DB00997,colon,primary cell,"Theo de Kok, Daniela Ferreira Garcia Rodrigues",2022
"mRNA expression data from adenoma, gene modified, and colorectal cancer�organoid.",,,transcription profiling by array,transcription profiling by array,x,https://www.ebi.ac.uk/biostudies/arrayexpress/studies/E-GEOD-57965?query=organoid,,,,Cancer; Perturbed,CRISPR/Cas9 method;gene knock in;gene overexpression,BAO;BAO;BAO,BAO_0010249;BAO_0002432;BAO_0002442,colon,primary cell,Shoichi Date,2015
GTF2I dosage regulates neuronal differentiation and social behavior in 7q11.23 neurodevelopmental disorders�Organoid�SC,,,RNA-seq of coding RNA from single cells,RNA-seq of coding RNA from single cells,sc,https://www.ebi.ac.uk/biostudies/arrayexpress/studies/E-MTAB-13478?query=organoid,,,,Normal; Disease,,,,brain,hiPSC cell,Emanuele Villa,2024
A Primate lncRNA Mediates Notch Signaling During Neuronal Development by Sequestering miRNA [single cell sequencing analysis],,,RNA-seq of coding RNA,RNA-seq of non coding RNA from single cells,,https://www.ebi.ac.uk/biostudies/arrayexpress/studies/E-GEOD-74207?query=organoid,"Lancaster and Knoblich., 2014",,,Normal,,,,brain,hiPSC cell,"Rani N, Lisi V, Zhou H, Kosik K",2016
"RNA-seq of biopsies, crypts and organoids of inflamed and non-inflamed biopsies of ulcerative colitis patients",,,RNA-seq of coding RNA,RNA-seq of coding RNA,-,https://www.ebi.ac.uk/biostudies/arrayexpress/studies/E-MTAB-7860?query=organoid,"Vancamelbeke et al., 2020",https://doi.org/10.1053/j.gastro.2020.05.064,,Normal; Disease,,,,colon,primary cell,Kaline Arnauts,2020
RNA-seq of human intestinal organoids colonized with E. coli and other immature intestinal tissues,,,RNA-seq of coding RNA,RNA-seq of coding RNA,,https://www.ebi.ac.uk/biostudies/arrayexpress/studies/E-MTAB-5801?query=organoid,"Spence et al., 2011;McCracken et al., 2011",https://doi.org/10.1038/nprot.2011.410;https://doi.org/10.1038/nprot.2011.410,,Normal; Perturbed,Escherichia coli,NCBITAXON,NCBITaxon_562,intestine,hESC cell,"Vincent Young, David Hill, Jason Spence",2017
Acquisition of alveolar fate and differentiation competence by human fetal lung epithelial progenitor cells,,,RNA-seq of coding RNA from single cells,RNA-seq of coding RNA from single cells,,https://www.ebi.ac.uk/biostudies/arrayexpress/studies/E-MTAB-11435?query=organoid,"Kyungtae et al., 2021",https://doi.org/10.1101/2021.06.30.450501 ,,Normal,,,,lung,primary cell,"Kyungtae Lim, Walfred Tang, Dawei Sun, Peng He, Sarah Teichmann, John Marioni, Kerstin Meyer, Emma Rawlins",2022
Epithelial maturation of human intestinal organoids from pluripotency entirely in vitro,,,RNA-seq of coding RNA from single cells,RNA-seq of coding RNA from single cells,,https://www.ebi.ac.uk/biostudies/arrayexpress/studies/E-MTAB-10876?query=organoid,E-MTAB-10876,,,Normal,,,,intestine,hESC cell,"J. Gray Camp, Jason Spence, Umut Kilik, Qianhui Yu",2022
Human cerebral organoids recapitulate gene expression programs of fetal neocortex development.,,,RNA-seq of coding RNA,RNA-seq of coding RNA from single cells,,https://www.ebi.ac.uk/biostudies/arrayexpress/studies/E-GEOD-75140?query=organoid,"Lancaster et al., 2014",,,Normal,,,,brain,hiPSC cell,"Gray Camp, Barbara Treutlein",2015
RNA-seq of human intestinal organoids co-cultured with human PMNs infected with Salmonella enterica serovar Typhimurium and Enteritidis at 8h post infection,,,RNA-seq of coding RNA,RNA-seq of coding RNA,,https://www.ebi.ac.uk/biostudies/arrayexpress/studies/E-MTAB-11089?query=organoid,E-MTAB-11089,,,Normal; Perturbed,Salmonella enterica subsp. enterica serovar Typhimurium; Salmonella enterica subsp. enterica serovar Enteritidis,NCBITAXON,NCBITaxon_90371;NCBITaxon_149539,intestine,hESC cell,Anna-Lisa Lawrence,2022
EpCAM TCB induces temporal dependent immune cell state changes in IIOs unleashing their cytotoxic capability compared to donor-matched control cultures,,,RNA-seq of coding RNA from single cells,RNA-seq of coding RNA from single cells,sc,https://www.ebi.ac.uk/biostudies/arrayexpress/studies/E-MTAB-14170?query=organoid,,,,Perturbed,EpCAM TCB;DP47,term not found,,intestine,primary cell,Bruno Gjeta,2024
Single-cell RNA-seq of fetal liver and bile duct organoids to investigate human fetal liver development,,,RNA-seq of coding RNA from single cells,RNA-seq of coding RNA from single cells,,https://www.ebi.ac.uk/biostudies/arrayexpress/studies/E-MTAB-7189?query=organoid,E-MTAB-7189,,,Normal,,,,liver;bile duct,primary cell,Daniele Muraro,2022
Lineage recording in human cerebral organoids (Visium),,,spatial transcriptomics by high-throughput sequencing,spatial transcriptomics by high-throughput sequencing,,https://www.ebi.ac.uk/biostudies/arrayexpress/studies/E-MTAB-10972?query=organoid,"Lancaster et al., 2014",,,Normal,,,,brain,hiPSC cell,"Zhisong He, Ashley Maynard, Gray Camp, Barbara Treutlein",2021
"RNA-seq of hESC-derived cardiac cells (H9 cell line) on day 8, comparing control vs PD0325901.",,,RNA-seq of total RNA,RNA-seq of coding RNA,sc,https://www.ebi.ac.uk/biostudies/arrayexpress/studies/E-MTAB-12573?query=organoid,,,,Normal; Perturbed,Mirdametinib,DrugBank,DB07101,heart,hESC cell,Karin Farkas,2023
Comparison of extrahepatic cholangiocyte organoids and freshly isolated common bile duct cholangiocytes,,,transcription profiling by array,transcription profiling by array,,https://www.ebi.ac.uk/biostudies/arrayexpress/studies/E-MTAB-4591?query=organoid,E-MTAB-4591,,,Normal,,,,bile duct,hESC cell,"Alessandro Bertero, Fotios Sampaziotis",2017
A Molecular Portrait Of High-Grade Ductal Carcinoma In Situ (DCIS) [RRBS-seq],,,methylation profiling by high throughput sequencing,methylation profiling by high throughput sequencing,x,https://www.ebi.ac.uk/biostudies/arrayexpress/studies/E-GEOD-69993?query=organoid,,,,Normal; Cancer,,,,breast,primary cell,"C. Marcelo Aldaz, AldazM Abba",2015
RNA-seq of transplanted pluripotent stem cells-derived human intestinal organoids upon mechanical lengthening and human jejunum tissues,,,RNA-seq of coding RNA,RNA-seq of coding RNA,,https://www.ebi.ac.uk/biostudies/arrayexpress/studies/E-MTAB-6017?query=organoid,"Spence et al., 2011",,,Normal; Perturbed,mechanical lengthening,term not found,,intestine,hESC cell,"Holly Poling, Maxime Mahe",2018
Single nucleus RNA sequencing of human iPSC-derived forebrain organoids to assay cell type composition,,,RNA-seq of coding RNA from single cells,single nucleus RNA sequencing,,https://www.ebi.ac.uk/biostudies/arrayexpress/studies/E-MTAB-10605?query=organoid,"Bauersachs et al., 2021",https://doi.org/10.11588/heidok.00030808,"Pasca et al., 2015",Normal,,,,brain,hiPSC cell,"Bastienne Zaremba, Hanke Gwendolyn Bauersachs, Piit Pruunsild",2021
RNA-seq of Pluripotent Stem Cell-Derived Endometrial Stromal Fibroblasts in Monolayer Differentiation and in Co-culture with Endometrial Epithelial Organoids,,,RNA-seq of coding RNA,RNA-seq of coding RNA,,https://www.ebi.ac.uk/biostudies/arrayexpress/studies/E-MTAB-10375?query=organoid,"Cheung et al., 2021",https://dx.doi.org/10.1016%2Fj.celrep.2021.109138,,Normal,,,,uterus,hESC cell,Noboru Sakabe,2021
Single cell analysis of iPSC-derived cortical organoids in biofunctionalized gelatin hydrogels,,,RNA-seq of coding RNA from single cells,RNA-seq of coding RNA from single cells,,https://www.ebi.ac.uk/biostudies/arrayexpress/studies/E-MTAB-14203?query=organoid,E-MTAB-14203,,,Normal,,,,brain,hiPSC cell,Andrew Kjar,2024
RNA-seq comparison of gene expression in enteroids derived of fresh or frozen human intestinal biopsies,https://doi.org/10.1016/j.jcmgh.2018.04.008,A Method for Cryogenic Preservation of Human Biopsy Specimens and Subsequent Organoid Culture,RNA-seq of coding RNA,RNA-seq of coding RNA,-,https://www.ebi.ac.uk/biostudies/arrayexpress/studies/E-MTAB-6516?query=organoid,"Yu-Hwai et al., 2018",https://doi.org/10.1016/j.jcmgh.2018.04.008,,Normal,,,,intestine,primary cell,Michael Czerwinski,2018
Characterization of primary models of human trophoblast,,,microRNA profiling by high throughput sequencing,microRNA profiling by high throughput sequencing,,https://www.ebi.ac.uk/biostudies/arrayexpress/studies/E-MTAB-10438?query=organoid,E-MTAB-10438,,,Normal,,,,placenta,primary cell,"Margherita Turco, Qian Li, Megan Sheridan",2021
Lineage recording in human cerebral organoids (iTracer-perturb),10.1101/2020.06.19.162032,Lineage recording reveals dynamics of cerebral organoid regionalization,RNA-seq of coding RNA from single cells,RNA-seq of coding RNA from single cells,,https://www.ebi.ac.uk/biostudies/arrayexpress/studies/E-MTAB-10971?query=organoid,"Lancaster et al., 2014",,,Perturbed,CRISPR/Cas9 method,BAO,BAO_0010249,brain,hiPSC cell,"Barbara Treutlein, Ashley Maynard, Gray Camp, Zhisong He",2021
Menstrual flow as a non-invasive source of endometrial organoids,10.1038/s42003-021-02194-y,Menstrual flow as a non-invasive source of endometrial organoids,RNA-seq of coding RNA,RNA-seq of coding RNA,,https://www.ebi.ac.uk/biostudies/arrayexpress/studies/E-MTAB-9284?query=organoid,"Turco et al., 2017",https://doi.org/10.1038/ncb3516,"Cindrova-Davies et al., 2021",Normal,,,,uterus,primary cell,"Xiaohui Zhao, Tereza Cindrova-Davies",2021
Methylation profiling of human trophoblast organoids providing a model for maternal-fetal interactions in early pregnancy and placenta tissue for comparison,,,methylation profiling by array,methylation profiling by array,x,https://www.ebi.ac.uk/biostudies/arrayexpress/studies/E-MTAB-7204?query=organoid,,,,Normal,,,,placenta,primary cell,"Russell Hamilton, Margherita Turco",2018
scRNA-seq of hPSC-derived human intestinal organoids with endogenous vascular endothelial cells,10.1101/2020.03.15.991950,Differentiation of human intestinal organoids with endogenous vascular endothelial cells,RNA-seq of coding RNA from single cells,RNA-seq of coding RNA from single cells,,https://www.ebi.ac.uk/biostudies/arrayexpress/studies/E-MTAB-9228?query=organoid,"Tsai et al., 2017",,"Capeling et al., 2020; McCracken et al., 2011",Normal,,,,intestine,hESC cell;hiPSC cell,"Joshua Wu, Emily Holloway, Jason Spence",2020
Lineage recording in human cerebral organoids (whole organoids),,,RNA-seq of coding RNA from single cells,RNA-seq of coding RNA from single cells,,https://www.ebi.ac.uk/biostudies/arrayexpress/studies/E-MTAB-10974?query=organoid,"Lancaster et al., 2014",,,Normal,,,,brain,hiPSC cell,"Gray Camp, Ashley Maynard, Barbara Treutlein, Zhisong He",2021
Multiomic (Joint snRNA/snATAC) sequencing data of intestinal crypts and epithelial only organoids derived from human fetal duodenum,10.1101/2022.06.12.495827,A Development-Inspired Niche for Homeostatic Human Mini-Intestines,scATAC-seq;single nucleus RNA sequencing,scATAC-seq;single nucleus RNA sequencing,,https://www.ebi.ac.uk/biostudies/arrayexpress/studies/E-MTAB-11908?query=organoid,"Childs et al., 2022",https://doi.org/10.1101/2022.06.12.495827,,Normal,,,,intestine,primary cell,"Jason Spence, Charlie Childs",2022
Single-cell multi-omics profiling of brain organoids,,,scATAC-seq,scATAC-seq,,https://www.ebi.ac.uk/biostudies/arrayexpress/studies/E-MTAB-13144?query=E-MTAB-13144,"Li et al., 2023",,,Normal,,,,brain,hESC cell,Chong Li,2023
Single-cell transcriptome of cerebral organoids with and without methanol fixation,10.1101/2020.02.27.968560,Cluster similarity spectrum integration of single-cell genomics data,RNA-seq of coding RNA from single cells,RNA-seq of coding RNA from single cells,,https://www.ebi.ac.uk/biostudies/arrayexpress/studies/E-MTAB-9473?query=E-MTAB-9473,"Lancaster et al., 2014",,,Normal; Perturbed,methanol fixation,term not found,,brain,hiPSC cell,"Zhisong He, Sebastian Ebert, Barbara Treutlein",2020
Genome-wide methylation analysis detects genes specific to breast cancer hormone receptor status and risk of recurrence,,,methylation profiling by array,methylation profiling by array,x,https://www.ebi.ac.uk/biostudies/arrayexpress/studies/E-GEOD-31979?query=E-GEOD-31979,,,,Normal; Cancer,,,,breast,primary cell,"leslie cope, Mary-Jo Fackler, Christopher Umbricht, Danielle Williams, Pedram Argani, Leigh-Ann Cruz, Vanessa Merino, Wei Teo, Zhe Zhang, Peng Huang, Kala Visvananthan, Jeffrey Marks, Stephen Ethier, Joe Gray, Antonio Wolff, Leslie Cope, Saraswati Sukumar",2011
Transcription profiling of undifferentiated human extrahepatic cholangiocyte organoids (ECOs),,,transcription profiling by array,transcription profiling by array,,https://www.ebi.ac.uk/biostudies/arrayexpress/studies/E-MTAB-9807?query=E-MTAB-9807,"Huch et al., 2015",,,Normal,,,,bile duct,primary cell,Henk Roest,2021
Transcription profiling of undifferentiated human liver-derived intrahepatic cholangiocyte organoids (ICOs),,,transcription profiling by array,transcription profiling by array,,https://www.ebi.ac.uk/biostudies/arrayexpress/studies/E-MTAB-9044?query=E-MTAB-9044,E-MTAB-9044,,,Normal,,,,liver,primary cell,Henk Roest,2020
RNA-seq of brain organoids from human NKX2.1(GFP/w) hESCs treated with patterning molecules,10.1016/j.stem.2021.02.015,Resolving organoid brain region identities by mapping single-cell genomic data to reference atlases,RNA-seq of coding RNA,RNA-seq of coding RNA,,https://www.ebi.ac.uk/biostudies/arrayexpress/studies/E-MTAB-10037?query=E-MTAB-10037,"Fleck et al., 2021",,,Normal,,,,brain,hESC cell,"Gray Camp, Fatima Calleja, Barbara Treutlein, Jonas Fleck",2021
Transcriptomics of CD29+/CD44+ cells isolated from hPSC retinal organoids reveals a cell population with retinal progenitor and M�ller glia characteristics.,,,RNA-seq of coding RNA,RNA-seq of coding RNA,,https://www.ebi.ac.uk/biostudies/arrayexpress/studies/E-MTAB-12467?query=E-MTAB-12467,"Eastlake et al., 2019",10.1002/sctm.18-0263,,Normal,,,,retina,hESC cell,Karen Eastlake,2023
Modeling of Aberrant Epithelial Reprogramming in Idiopathic Pulmonary Fibrosis using Human Induced Pluripotent Stem Cell-derived Alveolar Organoids,,,RNA-seq of coding RNA,RNA-seq of coding RNA,,https://www.ebi.ac.uk/biostudies/arrayexpress/studies/E-MTAB-11676?query=E-MTAB-11676,"Ptasinski et al., 2023",,,Normal; Disease,,,,lung,hiPSC cell,Victoria Ptasinski,2023
scRNA-seq and snucRNA-seq of human primary trophoblast organoids (PTO) and trophoblast stem cells (TSCs) differentiation into extravillous trophoblast organoids (EVTs),,,single nucleus RNA sequencing,single nucleus RNA sequencing,,https://www.ebi.ac.uk/biostudies/arrayexpress/studies/E-MTAB-12650?query=E-MTAB-12650,"Turco et al., 2018; Sheridan et al., 2020",,,Normal,,,,placenta,primary cell,Luz Garcia-Alonso,2023
"RNA-seq of human epithelium-only colonic and small intestinal organoids derived from intestinal resections, biopsy specimens and cryopreserved crypts",,,RNA-seq of coding RNA,RNA-seq of coding RNA,,https://www.ebi.ac.uk/biostudies/arrayexpress/studies/E-MTAB-9339?query=E-MTAB-9339,"Dame et al., 2018;Tsai et al., 2018",,,Normal,,,,intestine;colon,primary cell,Michael Dame,2020
Single cell analysis of iPSC-derived cortical organoids in biofunctionalized gelatin hydrogels,,,RNA-seq of coding RNA from single cells,RNA-seq of coding RNA from single cells,,https://www.ebi.ac.uk/biostudies/arrayexpress/studies/E-MTAB-13828?query=E-MTAB-13828,E-MTAB-13828,,,Normal,,,,brain,hiPSC cell,Andrew Kjar,2024
Illumina Infinium HumanMethylation EPIC beadchip profiling of BRAF-V600E_knock-in and BRAF-wildtype human colon organoids,,,methylation profiling by array,methylation profiling by array,sc,https://www.ebi.ac.uk/biostudies/arrayexpress/studies/E-MTAB-13290?query=E-MTAB-13290,E-MTAB-13290,,,Normal; Perturbed,gene knock in,BAO,BAO_0002432,colon,primary cell,Layla El Bouazzaoui,2023
Culture associated DNA methylation changes impact on cellular function of Human Intestinal Organoids (Expression),,,RNA-seq of coding RNA,RNA-seq of coding RNA,-,https://www.ebi.ac.uk/biostudies/arrayexpress/studies/E-MTAB-11548?query=E-MTAB-11548,,,,Normal,,,,intestine,primary cell,"Rachel Edgar, Felicity Payne , Matthias Zilbauer, Daniel Zerbino",2022
Multiome experiment from GLI3 KO brain organoids,,,RNA-seq of coding RNA from single cells;scATAC-seq,RNA-seq of coding RNA from single cells;scATAC-seq,,https://www.ebi.ac.uk/biostudies/arrayexpress/studies/E-MTAB-12002?query=E-MTAB-12002,"Fleck et al., 2021",,,Perturbed,gene knockout;CRISPR/Cas9 method,BAO;BAO,BAO_0002441;BAO_0010249,brain,hiPSC cell,"Sophie Jansen, Jonas Simon Fleck",2022
Single-cell sequencing of developing human gut reveals transcriptional links to childhood Crohn�s disease,,,RNA-seq of coding RNA from single cells,RNA-seq of coding RNA from single cells,,https://www.ebi.ac.uk/biostudies/arrayexpress/studies/E-MTAB-8901?query=E-MTAB-8901,"Fordham et al., 2013",,,Normal; Diseased,,,,intestine;colon,primary cell,"Robert Heuschkel, Alexander Ross, Matthias Zilbauer, Marion Shadbolt, Rasa Elmentaite, Kylie James, Sarah Teichmann, Tomas Gomes, Komal Nayak, Krzysztof Polanski, Ludovic Vallier",2020
scRNA-seq data from GLI3 KO in brain organoids,,,RNA-seq of coding RNA from single cells,RNA-seq of coding RNA from single cells,,https://www.ebi.ac.uk/biostudies/arrayexpress/studies/E-MTAB-11997?query=E-MTAB-11997,"Lancaster et al., 2013",,,Perturbed,gene knockout,BAO,BAO_0002441,brain,hiPSC cell,"Jonas Simon Fleck, Sophie Jansen",2022
DNA-methylation profiling of human induced pluripotent stem cell -derived intestinal epithelial organoids,,,methylation profiling by array,methylation profiling by array,"sc,-",https://www.ebi.ac.uk/biostudies/arrayexpress/studies/E-MTAB-7289?query=E-MTAB-7289,,,,Normal,,,,intestine,hiPSC cell,"Judith Kraiczy, Matthias Zilbauer, Alexander Ross",2018
RNA-sequencing of human induced pluripotent stem cell-derived intestinal epithelial organoids,,,RNA-seq of coding RNA,RNA-seq of coding RNA,,https://www.ebi.ac.uk/biostudies/arrayexpress/studies/E-MTAB-7306?query=E-MTAB-7306,"Forbester et al., 2016",,,Normal,,,,intestine,hiPSC cell,"Judith Kraiczy, Matthias Zilbauer, Alexander Ross",2018
DNA methylation profiling of intestinal epithelial cells from paediatric biopsies including Inflammatory Bowel disease and healthy controls,,,methylation profiling by array,methylation profiling by array,,https://www.ebi.ac.uk/biostudies/arrayexpress/studies/E-MTAB-5463?query=E-MTAB-5463,"Howell et al., 2018",https://dx.doi.org/10.1053%2Fj.gastro.2017.10.007,"Sato et al., 2011",Normal; Disease,,,,intestine;colon,primary cell,"Kate Howell, Judith Kraiczy, Matthias Zilbauer",2017
Human pluripotent stem cell-derived kidney organoids reveal tubular epithelial pathobiology of heterozygous HNF1B-associated dysplastic kidney malformations CL,,,RNA-seq of coding RNA,RNA-seq of coding RNA,,https://www.ebi.ac.uk/biostudies/arrayexpress/studies/E-MTAB-12824?query=E-MTAB-12824,"Takasato et al., 2015",,,Perturbed,CRISPR/Cas9 method,BAO,BAO_0010249,kidney,hESC cell,Leo Zeef,2024
Single-cell RNA-seq of Endometrial organoids treated with NOTCH or WNT inhibitors in a time course of Estrogen and Progesterone stimulation,,,RNA-seq of coding RNA from single cells,RNA-seq of coding RNA from single cells,,https://www.ebi.ac.uk/biostudies/arrayexpress/studies/E-MTAB-10283?query=E-MTAB-10283,"Turco et al., 2017;Boretto et al., 2017",,,Normal; Perturbed,Estrogens;Progesterone;XAV939;Dibenzazepines,DrugBank;Drubank;CHEBI;DrugBank,DBCAT000620;DB00396;CHEBI_62878;DBCAT000792,uterus,primary cell,Louis-Francois Handfield,2021
Single cell RNA sequencing of CellTagging lung organoids,https://doi.org/10.1073/pnas.2210113120,Regionally distinct progenitor cells in the lower airway give rise to neuroendocrine and multiciliated cells in the developing human lung,RNA-seq of coding RNA from single cells,RNA-seq of coding RNA from single cells,,https://www.ebi.ac.uk/biostudies/arrayexpress/studies/E-MTAB-12753?query=E-MTAB-12753,"Conchola et al., 2023",https://doi.org/10.1073/pnas.2210113120,,Perturbed,lentivirus infection,MONDO,MONDO_0022034,lung,primary cell,"Jason Spence, Zhiwei Xiao, Tristan Frum, Ansley Conchola",2023
Single-cell ATAC-seq of human cerebral organoids,,,ATAC-seq,scATAC-seq,sc,https://www.ebi.ac.uk/biostudies/arrayexpress/studies/E-MTAB-8089?query=E-MTAB-8089,"Lancaster et al., 2014",,,Normal,,,,brain,hiPSC cell,Michael James Boyle,2019
scRNA-seq of Human midbrain organoids differentiated from WTSIi018-B-1 (healthy) and EDi001-B (Parkinson's Disease) iPSCs,,,RNA-seq of coding RNA from single cells,RNA-seq of coding RNA from single cells,,https://www.ebi.ac.uk/biostudies/arrayexpress/studies/E-MTAB-12339?query=E-MTAB-12339,E-MTAB-12339,,"Kriks et al., 2011;Jo et al., protocol",Normal; Disease,,,,brain,hiPSC cell,Nikolaos Patikas,2023
scRNA-seq of pluripotent stem cell derived human intestinal organoids grown in suspension culture,,,RNA-seq of coding RNA from single cells,RNA-seq of coding RNA from single cells,,https://www.ebi.ac.uk/biostudies/arrayexpress/studies/E-MTAB-11347?query=E-MTAB-11347,"Capeling et al., 2022",https://doi.org/10.1016/j.celrep.2022.110379,"Choi et al., 2011",Normal,,,,intestine,hESC cell,"Meghan Capeling, Charlie Childs, Jason Spence",2022
Single-cell CRISPR screening of autism risk genes in brain organoids,,,RNA-seq of coding RNA from single cells,RNA-seq of coding RNA from single cells,,https://www.ebi.ac.uk/biostudies/arrayexpress/studies/E-MTAB-13148?query=E-MTAB-13148,"Li et al., 2023",https://doi.org/10.1038/s41586-023-06473-y,"Lancaster et al., 2017",Perturbed,lentivirus infection,MONDO,MONDO_0022034,brain,hESC cell,Chong Li,2023
Multiome scRNA- and scATAC-seq for SHH treated brain organoids,,,RNA-seq of coding RNA from single cells;scATAC-seq,RNA-seq of coding RNA from single cells;scATAC-seq,,https://www.ebi.ac.uk/biostudies/arrayexpress/studies/E-MTAB-12003?query=E-MTAB-12003,"Lancaster et al., 2013",,,Normal; Perturbed,Sonic Hedgehog Protein,NCIT,NCIT_C29962,brain,hiPSC cell,"Sophie Jansen, Jonas Simon Fleck",2022
Transcription profiling of human dorsal forebrain organoids treated with Hyper-IL-6,,,RNA-seq of total RNA,RNA-seq of coding RNA,x,https://www.ebi.ac.uk/biostudies/arrayexpress/studies/E-MTAB-12702?query=E-MTAB-12702,,,,Normal; Perturbed,Hyper-IL-6,term not found,,brain,hiPSC cell,"Kseniia Sarieva, Simone Mayer",2023
scRNA-seq of pluripotent stem cell-derived human intestinal organoids grown in Epiregulin,https://doi.org/10.1101/2023.11.06.565830,Coordinated differentiation of human intestinal organoids with functional enteric neurons and vasculature.,RNA-seq of coding RNA from single cells,RNA-seq of coding RNA from single cells,,https://www.ebi.ac.uk/biostudies/arrayexpress/studies/E-MTAB-13463?query=E-MTAB-13463,"Childs et al., 2023",https://doi.org/10.1101/2023.11.06.565830,"Spence et al., 2011;McCracken et al., 2011",Perturbed,Epiregulin,NCIT,NCIT_C26171,intestine,hiPSC cell,"Charlie Childs, Jason Spence",2023
Human uterine Natural Killer cells regulate differentiation of extravillous trophoblast early in pregnancy - scRNA-seq data,,,RNA-seq of coding RNA from single cells,RNA-seq of coding RNA from single cells,,https://www.ebi.ac.uk/biostudies/arrayexpress/studies/E-MTAB-13382?query=E-MTAB-13382,E-MTAB-13382,,,Perturbed,CSF1;CSF2;XCL1;CCL5,OGG;OGG;OGG;OGG,OGG_3000001435;OGG_3000001437;OGG_3000006375;OGG_3000006352,placenta,primary cell,"Qian Li, Margherita Turco, Ashley Moffett",2024
Immune cells direct epithelial maturation during early human lung development,,,RNA-seq of coding RNA from single cells,RNA-seq of coding RNA from single cells,,https://www.ebi.ac.uk/biostudies/arrayexpress/studies/E-MTAB-11528?query=E-MTAB-11528,"Nikolic et al., 2017",,,Normal,,,,lung,primary cell,"Josephine Barnes, Peng He, Masahiro Yoshida, Kerstin Meyer, Marko Nikolic",2022
Culture associated DNA methylation changes impact on cellular function of Human Intestinal Organoids (Methylation),,,methylation profiling by array,methylation profiling by array,-,https://www.ebi.ac.uk/biostudies/arrayexpress/studies/E-MTAB-11545?query=E-MTAB-11545,E-MTAB-11545,,,Normal; Perturbed,Interferon Gamma;Tumor necrosis factor alpha (substance),DrugBank;SNOMED,DB15753;39525005,intestine;colon,primary cell,"Rachel Edgar, Felicity Payne, Daniel Zerbino, Matthias Zilbauer",2022
"scRNA-seq of pluripotent stem cell derived human intestinal organoids, adult intestine, and human fetal endoderm derived organs",,,RNA-seq of coding RNA from single cells,RNA-seq of coding RNA from single cells,,https://www.ebi.ac.uk/biostudies/arrayexpress/studies/E-MTAB-10187?query=E-MTAB-10187,"Spence et al., 2011;Tsai et al., 2017",,,Normal; Perturbed,gene knockout; EGF; noggin; R-Spondin-2,BAO;OGG;PR;NCIT,BAO_0002441;OGG_3000001950;PR_000000021;NCIT_C106069,intestine,hiPSC cell,"Joshua Wu, Qianhui Yu, Jason Spence, Emily Holloway",2021
Single-cell transcription profiling human dorsal forebrain organoids treated with Hyper-IL-6,,,RNA-seq of coding RNA from single cells,RNA-seq of coding RNA from single cells,x,https://www.ebi.ac.uk/biostudies/arrayexpress/studies/E-MTAB-12743?query=E-MTAB-12743,,,,Normal; Perturbed,Hyper-IL-6,term not found,,brain,hiPSC cell,"Kseniia Sarieva, Simone Mayer",2023
Human pluripotent stem cell-derived kidney organoids reveal tubular epithelial pathobiology of heterozygous HNF1B-associated dysplastic kidney malformations K,,,RNA-seq of coding RNA,RNA-seq of coding RNA,x,https://www.ebi.ac.uk/biostudies/arrayexpress/studies/E-MTAB-12822?query=E-MTAB-12822,,,,Normal,,,,kidney,hESC cell,Leo Zeef,2024
RNA-seq of transplanted Human Intestinal Organoids differentiated with and without PVDF-TrFE Substrate,,,RNA-seq of coding RNA,RNA-seq of coding RNA,,https://www.ebi.ac.uk/biostudies/arrayexpress/studies/E-MTAB-13578?query=E-MTAB-13578,"Watson et al., 2014",,,Normal; Perturbed,electrical field,term not found,,intestine,hiPSC cell,holly poling,2023
RNA-seq of INPP5E mutant cortical organoids against control organoids,,,RNA-seq of coding RNA,RNA-seq of coding RNA,,https://www.ebi.ac.uk/biostudies/arrayexpress/studies/E-MTAB-11437?query=E-MTAB-11437,"Johnstone et al., 2019",https://doi.org/10.1038/s41380-018-0292-1,"Lancaster et al., 2013;Chambers et al., 2009",Normal; Perturbed,mutated,BAO,BAO_0000643,brain,hESC cell,Thomas Theil,2022
mRNA-sequencing of breast cancer subtypes and normal tissue,,,RNA-seq of coding RNA,RNA-seq of coding RNA,x,https://www.ebi.ac.uk/biostudies/arrayexpress/studies/E-GEOD-52194?query=E-GEOD-52194,,,,Normal; Cancer,,,,breast,primary cell,"Anelia Horvath, Rakesh Kumar",2013
Single cell RNA Sequencing (scRNA-Seq) on human embryonic stem cell-derived thyroid organoids exposed for 3 days to sex hormones + 1 day to benzo[a]pyrene (BaP) or PCB153,,,RNA-seq of coding RNA from single cells,RNA-seq of coding RNA from single cells,,https://www.ebi.ac.uk/biostudies/arrayexpress/studies/E-MTAB-13502?query=E-MTAB-13502,"Romitti et al., 2022",,,Normal; Perturbed,"Benzo(a)pyrene;2,2',4,4',5,5'-hexachlorobiphenyl",OMIT;CHEBI,OMIT_0002930;CHEBI_34202,thyroid gland,hESC cell,"Marta Nazzari, Florian Caiment",2024
CROP-seq of 2 month old brain organoids,10.1101/2021.08.24.457460,Inferring and perturbing cell fate regulomes in human cerebral organoids,RNA-seq of coding RNA from single cells,CROP-seq,,https://www.ebi.ac.uk/biostudies/arrayexpress/studies/E-MTAB-11999?query=E-MTAB-11999,"Lancaster et al., 2013",,,Perturbed,gene knockout,BAO,BAO_0002441,brain,hiPSC cell,"Sophie Jansen, Jonas Simon Fleck",2022
Transcriptome analysis of 3D model of blood-brain barrier exposed to West Nile virus (WNV),,,RNA-seq of coding RNA,RNA-seq of coding RNA,-,https://www.ebi.ac.uk/biostudies/arrayexpress/studies/E-MTAB-9754?query=E-MTAB-9754,E-MTAB-9754,,,Normal; Perturbed,West Nile virus,NCBITAXON,NCBITaxon_11082,brain,endothelial cell line;primary cell,Mangesh Bhide,2021
Human cortical organoids. Chronic treatment with GSK3 inhibitor CHIR99021. Bulk RNAseq.,10.1016/j.stemcr.2019.09.005,Human Cortical Organoids Expose a Differential Function of GSK3 on Cortical Neurogenesis,RNA-seq of coding RNA,RNA-seq of coding RNA,,https://www.ebi.ac.uk/biostudies/arrayexpress/studies/E-MTAB-8325?query=E-MTAB-8325,"Pasca et al., 2015",10.1038/nmeth.3415,,Normal; Perturbed,CHIR 99021,CHEBI,CHEBI_91091,brain,hESC cell;hiPSC cell,Carlo Emanuele Villa,2020
Human small intestinal organoids grown with a specific protocol to enrich for Paneth cells were treated with an inhbitor (GSK-LSD1) for the epigenetic modulator LSD1.,10.1126/sciadv.abc0367,LSD1 represses a neonatal/reparative gene program in adult intestinal epithelium,transcription profiling by array,transcription profiling by array,,https://www.ebi.ac.uk/biostudies/arrayexpress/studies/E-MTAB-7863?query=E-MTAB-7863,"Zwiggelaar et al., 2020",https://doi.org/10.1126/sciadv.abc0367,,Normal; Perturbed,GSK-LSD1,CHEBI,CHEBI_232752,intestine,primary cell,"H�vard Lindholm, Menno Oudhoff",2020
Transcriptome analysis of Huntington disease and control cerebral organoids at day 45 and 105 of differentiation,,,transcription profiling by array,transcription profiling by array,-,https://www.ebi.ac.uk/biostudies/arrayexpress/studies/E-MTAB-5964?query=E-MTAB-5964,E-MTAB-5964,,"Lancaster et al., 2014",Normal; Disease,,,,brain,hiPSC cell,"Vittoria Bocchi, Elena Cattaneo, Paola Conforti",2018
Single-Cell RNA Sequencing of Retinal Organoids Derived by CSC14 hESCs,,,RNA-seq of coding RNA from single cells,RNA-seq of coding RNA from single cells,,https://www.ebi.ac.uk/biostudies/arrayexpress/studies/E-MTAB-11121?query=E-MTAB-11121,"Xue et al., 2021",https://doi.org/10.3389/fncel.2021.796903,"Xue et al., 2021",Normal,,,,retina,hESC cell,Yuntian Xue,2022
"Transcriptome profiling of DA neurons, human midbrain-like organoids and prenatal midbrain",,,RNA-seq of coding RNA,RNA-seq of coding RNA,-,https://www.ebi.ac.uk/biostudies/arrayexpress/studies/E-MTAB-4868?query=E-MTAB-4868,E-MTAB-4868,,"Kriks et al., 2011;Chambers et al., 2009;Lancaster and Knoblich, 2014",Normal,,,,brain,hESC cell,"Junghyun Jo, Engin Cukuroglu",2016
RNA-seq analysis of astrovirus replication in human intestinal enteroids reveals multi-cellular tropism and an intricate host innate immune landscape,,,RNA-seq of coding RNA,RNA-seq of coding RNA,,https://www.ebi.ac.uk/biostudies/arrayexpress/studies/E-MTAB-8527?query=E-MTAB-8527,"Dame et al., 2018;Tsai et al., 2018;Sato et al., 2011",,,Normal; Perturbed,Human astrovirus 1,NCBITAXON,NCBITaxon_12456,intestine,primary cell,David Hill,2019
In vitro modelling of the human embryo implantation niche,,,RNA-seq of coding RNA from single cells,RNA-seq of coding RNA from single cells,,https://www.ebi.ac.uk/biostudies/arrayexpress/studies/E-MTAB-13629?query=E-MTAB-13629,E-MTAB-13629,,,Normal,,,,uterus,primary cell,"Christopher Andrew Penfold, Peter Rugg-Gunn, Matteo Mol�",2024
Single cell RNA-seq of iPSC-derived Kidney Organoids treated with TGF-Beta 1 and GSK343 compared with vehicle treated control,,,RNA-seq of coding RNA from single cells,RNA-seq of coding RNA from single cells,,https://www.ebi.ac.uk/biostudies/arrayexpress/studies/E-MTAB-11138?query=E-MTAB-11138,"Davis et al., 2022",,"Takasato et al., 2016",Normal; Perturbed,Transforming Growth Factor Beta-1;GSK343,NCIT;CHEBI,NCIT_C20457;CHEBI_167693,kidney,hiPSC cell,"Jessica Davis, John Crean, Ciar�n Kennedy",2023
scRNAseq of heterozygous HNF1B-mutant vs non-mutant kidney organoids derived from human embryonic stem cells,,,RNA-seq of coding RNA from single cells,RNA-seq of coding RNA from single cells,,https://www.ebi.ac.uk/biostudies/arrayexpress/studies/E-MTAB-13500?query=E-MTAB-13500,"Takasato et al., 2015; Bantounas et al., 2018; Bantounas et al., 2021",,,Normal; Perturbed,Frameshift Mutation,NCIT,NCIT_C17354,kidney,hESC cell,"I-Hsuan Lin, Susan Kimber",2024
"RNA-seq of differentiated organoids from a patient with an AGR2 mutation, patients with ulcerative colitis, and non-IBD controls, treated with vehicle control or tunicamycin",,,RNA-seq of coding RNA,RNA-seq of coding RNA,x,https://www.ebi.ac.uk/biostudies/arrayexpress/studies/E-MTAB-12309?query=E-MTAB-12309,,,,Normal; Perturbed; Disease,mutated,BAO,BAO_0000643,colon,primary cell,Kaline Arnauts,2023
Single-cell sequencing of cerebral organoids with familial Alzheimer’s disease (AD) mutation in PSEN1 and non-demented control,,,RNA-seq of coding RNA from single cells,RNA-seq of coding RNA from single cells,,https://www.ebi.ac.uk/biostudies/arrayexpress/studies/E-MTAB-11438?query=E-MTAB-11438,"Vanova et al., 2023",,,Normal; Disease,,,,brain,hiPSC cell,"Tereza Vanova, Dasa Bohaciakova",2022
Bulk RNA-seq of Adult and Fetal Enteroids (Control or Treated with DBZ),10.1016/j.stemcr.2022.03.007,Acquisition of NOTCH dependence is a hallmark of human intestinal stem cell maturation,RNA-seq of coding RNA,RNA-seq of coding RNA,,https://www.ebi.ac.uk/biostudies/arrayexpress/studies/E-MTAB-11619?query=E-MTAB-11619,"Tsai et al., 2018",https://doi.org/10.1016/j.celrep.2023.113310,,Normal; Perturbed,Dibenzazepines,DrugBank,DBCAT000792,intestine,primary cell,"Yu-Hwai Tsai, Jason Spence, Charlie Childs",2022
In vitro expansion of human gastric epithelial stem cells and their primary response to bacterial infection,10.1053/j.gastro.2014.09.042,In vitro expansion of human gastric epithelial stem cells and their responses to bacterial infection,transcription profiling by array,transcription profiling by array,,https://www.ebi.ac.uk/biostudies/arrayexpress/studies/E-GEOD-60557?query=E-GEOD-60557,"Bartfeld et al., 2015",,,Normal; Perturbed,Nicotinamide,DrugBank,DB02701,stomach,hESC cell,"Rogier Versteeg, Sina Bartfeld, H Clevers",2014
Long term culture of genome-stable bipotent progenitor cells from adult human liver,,,transcription profiling by array,transcription profiling by array,x,https://www.ebi.ac.uk/biostudies/arrayexpress/studies/E-GEOD-63859?query=E-GEOD-63859,,,,Normal; Disease,,,,liver,primary cell,"Meritxell Huch, Hans Clevers",2015
Bulk ATAC-seq of primate cerebral organoids,,,ATAC-seq,ATAC-seq,,https://www.ebi.ac.uk/biostudies/arrayexpress/studies/E-MTAB-8228?query=E-MTAB-8228,"Lancaster et al., 2014",,,Normal,,,,brain,hESC cell;hiPSC cell,Michael James Boyle,2019
DNA methylation array of human intestinal organoids derived from paediatric small and large intestine,,,methylation profiling by array,methylation profiling by array,x,https://www.ebi.ac.uk/biostudies/arrayexpress/studies/E-MTAB-9748?query=E-MTAB-9748,,,,Normal,,,,intestine,primary cell,"Rachel Edgar, Felicity Payne, Matthias Zilbauer, Daniel Zerbino",2022
Altered antisense-to-sense transcript ratios in breast cancer: Agilent,,,transcription profiling by array,transcription profiling by array,x,https://www.ebi.ac.uk/biostudies/arrayexpress/studies/E-GEOD-26000?query=E-GEOD-26000,,,,Normal; Cancer,,,,breast,primary cell,"Kornelia Polyak, Maruyama Reo, Michail Shipitsin, Sibgat Choudhury, Zhenhua Wu, Xiaole Liu",2010
Bulk RNA-seq of cerebral organoids investigating the role of CHD8 in cortical development,,,RNA-seq of coding RNA,RNA-seq of coding RNA,-,https://www.ebi.ac.uk/biostudies/arrayexpress/studies/E-MTAB-9933?query=E-MTAB-9933,"Villa et al., 2022",,"Lancaster et al., 2014;Camp et al., 2015",Normal; Perturbed,CRISPR/Cas9 method,BAO,BAO_0010249,brain,hESC cell,"Gaia Novarino, Christoph Dotter",2022
Single cell RNA-seq of hiPSC-derived kidney organoids differentiated within self-assembling peptide hydrogels and the animal-derived matrix Matrigel,10.1096/fasebj.2022.36.S1.R5108,Growth and differentiation of human induced pluripotent stem cell (hiPSC) derived kidney organoids using fully synthetic peptide hydrogels,RNA-seq of coding RNA from single cells,RNA-seq of coding RNA from single cells,,https://www.ebi.ac.uk/biostudies/arrayexpress/studies/E-MTAB-11149?query=E-MTAB-11149,"Davis et al., 2022",,,Normal,,,,kidney,hiPSC cell,"Niall Treacy, John Crean, Ciar�n Kennedy, Jessica Davis, Shane Clerkin",2022
scRNAseq of human iPSC-derived kidney organoids transplanted in the coelomic cavity of chicken embryos compared to untransplanted controls,,,RNA-seq of coding RNA from single cells,RNA-seq of coding RNA from single cells,,https://www.ebi.ac.uk/biostudies/arrayexpress/studies/E-MTAB-11429?query=E-MTAB-11429,"van den Berg et al., 2018",,,Normal,,,,kidney,hiPSC cell,S�bastien Dumas,2022
Single cell ATAC-seq of iPSC-derived Kidney Organoids treated with TGF-Beta 1 and GSK343 compared with vehicle treated control,,,scATAC-seq,scATAC-seq,,https://www.ebi.ac.uk/biostudies/arrayexpress/studies/E-MTAB-11139?query=E-MTAB-11139,"Davis et al., 2022",,,Normal; Perturbed,Transforming Growth Factor Beta-1;GSK343,NCIT;CHEBI,NCIT_C20457;CHEBI_167693,kidney,hiPSC cell,"John Crean, Ciar�n Kennedy, Jessica Davis",2023
RNA-seq of retinal organoids differentiated from hESCs carrying mutations in the RB1 gene,,,RNA-seq of coding RNA,RNA-seq of coding RNA,,https://www.ebi.ac.uk/biostudies/arrayexpress/studies/E-MTAB-10331?query=E-MTAB-10331,"Kanber et al., 2022",https://doi.org/10.3390/cancers14092166,,Normal; Disease; Perturbed,CRISPR/Cas9 method;mutated,BAO;BAO,BAO_0010249;BAO_0000643,retina,hESC cell,Claudia Pommerenke,2022
The extracellular function of LGALS3BP in neural progenitors during brain development,,,RNA-seq of coding RNA from single cells,RNA-seq of coding RNA from single cells,,https://www.ebi.ac.uk/biostudies/arrayexpress/studies/E-MTAB-10485?query=E-MTAB-10485,"Lancaster and Knoblich., 2014",,,Perturbed,gene knockout;point mutated,BAO;BAO,BAO_0002441;BAO_0000642,brain,hiPSC cell,"Zhisong He, Agnieska Brazovskaja, Christina Kyrousi",2021
Detection of hypermethylated circulating serum DNA in metastatic breast cancer and confirmation by the cMethDNA assay,,,methylation profiling by array,methylation profiling by array,x,https://www.ebi.ac.uk/biostudies/arrayexpress/studies/E-GEOD-52621?query=E-GEOD-52621,,,,Normal; Cancer,,,,breast,primary cell,"leslie cope, MaryJo Fackler, Zoila Bujanda, Christopher Umbricht, WeiWen Teo, Zhe Zhang, Kala Visvanathan, Stacie Jeter, Pedram Argani, Chenguang Wang, Jaclyn Lyman, Marina deBrot Andrade, James Ingle, Judy Boughey, Kandace McGuire, Tari King, Lisa Carey, Leslie Cope, Antonio Wolff, Saraswati Sukumar",2014
Transcriptional characterization of Human Lung Organoids (HLOs) using RNAseq,,,RNA-seq of coding RNA,RNA-seq of coding RNA,,https://www.ebi.ac.uk/biostudies/arrayexpress/studies/E-MTAB-3339?query=E-MTAB-3339,"Dye et al., 2015",,,Normal,,,,lung,hESC cell,"David Hill, Jason Spence, Briana Dye",2015
Molecular pathology of Usher 1B patient-derived retinal organoids at single cell resolution,,,RNA-seq of coding RNA from single cells,RNA-seq of coding RNA from single cells,,https://www.ebi.ac.uk/biostudies/arrayexpress/studies/E-MTAB-11990?query=E-MTAB-11990,"Gonzalez-Cordero et al., 2017",10.1016/j.stemcr.2017.07.022,,Normal; Disease,,,,retina,hiPSC cell,"Jane Sowden, Yeh Chwan Leong",2023
scRNA-seq of pluripotent stem cell derived human intestinal organoids grown in an alginate matrix,,,RNA-seq of coding RNA from single cells,RNA-seq of coding RNA from single cells,,https://www.ebi.ac.uk/biostudies/arrayexpress/studies/E-MTAB-11338?query=E-MTAB-11338,"Capeling et al., 2019",https://doi.org/10.1016/j.stemcr.2018.12.001,,Normal,,,,intestine,hiPSC cell,"Charlie Childs, Meghan Capeling, Jason Spence",2022
CHD8 haploinsufficiency alters the developmental trajectories of human excitatory and inhibitory neurons linking autism phenotypes with transient cellular defects,,,RNA-seq of coding RNA from single cells,RNA-seq of coding RNA from single cells,sc,https://www.ebi.ac.uk/biostudies/arrayexpress/studies/E-MTAB-11406?query=E-MTAB-11406,,,,Normal; Perturbed,mutated,BAO,BAO_0000643,brain,hiPSC cell,Carlo Emanuele Villa,2024
scRNA-seq of intestinal epithelial organoids derived from human fetal duodenum,,,RNA-seq of non coding RNA from single cells,RNA-seq of coding RNA from single cells,,https://www.ebi.ac.uk/biostudies/arrayexpress/studies/E-MTAB-11912?query=E-MTAB-11912,E-MTAB-11912,,,Normal,,,,intestine,primary cell,"Jason Spence, Charlie Childs",2022
Quantification of regenerative potential in primary human mammary epithelial cells,,,transcription profiling by array,transcription profiling by array,,https://www.ebi.ac.uk/biostudies/arrayexpress/studies/E-GEOD-64248?query=E-GEOD-64248,"Linnemann et al., 2015",,,Normal,,,,breast,primary cell,"Johannes Beckers, Jelena Linnemann, Haruko Miura, Lisa Meixner, Martin Irmler, Uwe Kloos, Benjamin Hirschi, Harald Bartsch, Steffen Sass, Fabian Theis, Christian Gabka, Karl Sotlar, Christina Scheel",2015
Distinct human stem cell populations in small and large intestine,,,transcription profiling by array,transcription profiling by array,x,https://www.ebi.ac.uk/biostudies/arrayexpress/studies/E-GEOD-56525?query=E-GEOD-56525,,,,Normal,,,,intestine,primary cell,"William LaFramboise, Julie Cramer",2015
scRNA-seq of pluripotent stem cell derived human intestinal organoids,,,RNA-seq of coding RNA from single cells,RNA-seq of coding RNA from single cells,,https://www.ebi.ac.uk/biostudies/arrayexpress/studies/E-MTAB-10268?query=E-MTAB-10268,"Spence et al., 2011;Tsai et al., 2017",,,Normal,,,,intestine,hESC cell,"Joshua Wu, Qianhui Yu, Emily Holloway, Jason Spence",2021
RNA-seq of SARS-CoV-2-infected human primary hepatocyte-derived spheroids upon interferon a2 and baricitinib treatment,10.1126/sciadv.abe4724,JAK inhibition reduces SARS-CoV-2 liver infectivity and modulates inflammatory responses to reduce morbidity and mortality,RNA-seq of total RNA,RNA-seq of total RNA,,https://www.ebi.ac.uk/biostudies/arrayexpress/studies/E-MTAB-9711?query=E-MTAB-9711,"Stebbing et al., 2021",https://doi.org/10.1126/sciadv.abe4724,,Normal; Perturbed,Interferon Alpha-2;Baricitinib;Severe acute respiratory syndrome coronavirus 2,NCIT;DrugBank;NCBITAXON,NCIT_C26318;DB11817;NCBITaxon_2697049,liver,primary cell,"Claudia Kutter, Christian Sommerauer",2020
Mapping the developing human immune system across organs - scRNA-seq,,,RNA-seq of coding RNA from single cells,RNA-seq of coding RNA from single cells,,https://www.ebi.ac.uk/biostudies/arrayexpress/studies/E-MTAB-11343?query=E-MTAB-11343,E-MTAB-11343,,,Normal,,,,liver;skin;kidney;spleen;thymus;yolk sac,hiPSC cell,"Emma Dann, Chenqu Suo, Muzlifah Haniffa, Sarah Teichmann",2022
Enhancers with tissue-specific activity are enriched in intronic regions,,,ChIP-seq,ChIP-seq,,https://www.ebi.ac.uk/biostudies/arrayexpress/studies/E-MTAB-10595?query=E-MTAB-10595,"Lancaster et al., 2013",,,Normal,,,,brain,hESC cell,"Beatrice Borsari, Sandra Acosta, Pablo Villegas-Mir�n",2021
Single cell RNAseq of human cortical organoids investigating the effect of chronic treatment with GSK3 inhibitor CHIR99021,,,RNA-seq of coding RNA from single cells,RNA-seq of coding RNA from single cells,,https://www.ebi.ac.uk/biostudies/arrayexpress/studies/E-MTAB-8337?query=E-MTAB-8337,"Pasca et al., 2015",10.1038/nmeth.3415,,Normal; Perturbed,CHIR 99021 ,CHEBI,CHEBI_91091,brain,hiPSC cell,Carlo Emanuele Villa,2020
Single cell RNA-seq of great ape cerebral organoids,,,RNA-seq of coding RNA from single cells,RNA-seq of coding RNA from single cells,,https://www.ebi.ac.uk/biostudies/arrayexpress/studies/E-MTAB-7552?query=E-MTAB-7552,"Lancaster et al., 2014",,,Normal,,,,brain,hESC cell;hiPSC cell,"Gray Camp, Barbara Treutlein, Zhisong He, Sabina Kanton",2019
Single cell RNA-seq of great ape cerebral organoids,,,RNA-seq of coding RNA from single cells,RNA-seq of coding RNA from single cells,,https://www.ebi.ac.uk/biostudies/arrayexpress/studies/E-MTAB-8234?query=E-MTAB-8234,"Lancaster et al., 2014",,,Normal,,,,brain,hiPSC cell,"Sabina Kanton, Barbara Treutlein, Zhisong He, Gray Camp",2019
Altered MHC class 1 DNA methylation of intestinal epithelial stem cells contributes to chronic inflammation in Crohn�s Disease,,,methylation profiling by array,methylation profiling by array,,https://www.ebi.ac.uk/biostudies/arrayexpress/studies/E-MTAB-12841?query=E-MTAB-12841,E-MTAB-12841,,,Normal; Disease,,,,intestine,primary cell,"Felicity Payne, Matthias Zilbauer, Rachel Edgar, Francesca Perrone",2024
